duration_minutes,guest,date,session,anonymized_name
195,No,31.10.2023,1,def38455859ad75e499820e9747f215d
163,Yes,31.10.2023,1,1eddec942ea3cca17a070e3fb1cfe61c
159,Yes,31.10.2023,1,9d0f4c5a7802b0aa5e67c0c12e30ccde
7,Yes,31.10.2023,1,eec84328800698083fde746b8c76422e
125,Yes,31.10.2023,1,b513ea20d309fd36179cc10ceb717a9c
138,Yes,31.10.2023,1,e80c9bbde1987fdf494f3da1e16f390a
180,No,31.10.2023,1,68ad54301392889b4d05cb42d9569d48
178,Yes,31.10.2023,1,53403708eb35dbedfd3cd2fd1f099fe7
177,Yes,31.10.2023,1,253e8d0a241fb49e4b7058eaa17f0bd6
136,Yes,31.10.2023,1,36562a7f476a9bd1577a82ddd6d3d8aa
63,Yes,31.10.2023,1,7c265df77b89c855f0bbe01a46712c92
170,Yes,31.10.2023,1,aa651d14b21fa697256640e5fe36b670
169,Yes,31.10.2023,1,4956c4690e9218453f6bdec4c6285b8c
172,Yes,31.10.2023,1,f9a898362f5d2e8d1e24977eb78e540d
168,Yes,31.10.2023,1,eed076246b60bc6bc91cbf3830cb6dd4
59,Yes,31.10.2023,1,f32c8f4b55c4ead07e7998725af06a01
148,Yes,31.10.2023,1,21aa9f49610aaedbb3ca6d156091c78f
168,Yes,31.10.2023,1,da36a0f1a2f72046c696a8449e5f94b9
211,Yes,31.10.2023,1,839d29a31c7275d3696b3e09e6dc8f02
96,Yes,31.10.2023,1,f30e8a1ccd99b87ffc4d71767de1f0db
165,Yes,31.10.2023,1,de588f921dc4657bdc81e111cf470d41
133,Yes,31.10.2023,1,0cf1db7835f8dac21b6b513094193c40
163,Yes,31.10.2023,1,b152b1912798603cfb1ac6689b09f970
96,Yes,31.10.2023,1,1b2a9114e01d3db1f74520df73d27ae2
31,Yes,31.10.2023,1,e3cb9623851df57eda567a9644ced562
164,Yes,31.10.2023,1,eece88ff4ce42d9f7d448705863e960b
162,Yes,31.10.2023,1,710ff2a784b6e780a824bd0bcaaa3a0f
272,Yes,31.10.2023,1,eda17b27c94f59aea75d9a17b9ce53f5
205,Yes,31.10.2023,1,00ca4671e09e5ecf98faecb9bbfbba35
160,Yes,31.10.2023,1,ff64cea2dc7ffe85b0e77db35aa61e35
163,Yes,31.10.2023,1,1f089b8851e8479682b68f9f114af080
160,Yes,31.10.2023,1,608d4b30f0ddb1d3a13d02df9edfe27d
160,Yes,31.10.2023,1,0c73c79ec85d48d0be5a94fe41b17d16
159,Yes,31.10.2023,1,fa41476bfaa3dbabeb8599f6899dfbe2
139,Yes,31.10.2023,1,2631c29d7c52db9ac2d60348d0eda302
67,Yes,31.10.2023,1,7dc10672c3dd6b0b50ab8a95645e1115
159,Yes,31.10.2023,1,8e217172305b286f46a77989b66f49a0
159,Yes,31.10.2023,1,0573bf3b89a34ea041726c1efe329e73
159,Yes,31.10.2023,1,b9e887e8f7035380f3fd3fc885b7fbbd
159,Yes,31.10.2023,1,831f5a44c1f3f4eef10c2ed1c462eee6
18,Yes,31.10.2023,1,3d3a5da46b189ede2f2eca40d9ff82c2
440,Yes,31.10.2023,1,25599a243094afd64cfd86d44d9e91ef
149,Yes,31.10.2023,1,db7f7c92aae6450753eb9d7bef41e439
158,Yes,31.10.2023,1,b5ba3569779f8fe9c002bed17f16ad4b
158,Yes,31.10.2023,1,dfc523d9490bc948f33b1be6d6b74fbc
158,Yes,31.10.2023,1,46cbb3253205c46166da5cb3853ebdd8
157,Yes,31.10.2023,1,498db41a3e0ac4e4d38107d463f298a5
85,Yes,31.10.2023,1,1ecfb9db6686bc53ddadd83bad4e6721
158,Yes,31.10.2023,1,df5c8ed769fd5f9cffd1f45a38b4b070
157,Yes,31.10.2023,1,a9b6b7036bd046fc84687a68bb22c08f
11,Yes,31.10.2023,1,0eb55f2cb40c508579554a2489dbee7d
128,Yes,31.10.2023,1,3e62324482bfebc2872db3d45aff69f4
157,Yes,31.10.2023,1,73fe85a58705434af0f04d0695edd2ed
157,Yes,31.10.2023,1,45d6b4cb528be525afb5655b29f02bd5
157,Yes,31.10.2023,1,006c01d1724f1cd306f1ce5c88e35708
157,Yes,31.10.2023,1,5c5cfadfd67d7d19e16323fc34539c56
156,Yes,31.10.2023,1,a9bc1563368c26026d299e96f26b8f3b
49,Yes,31.10.2023,1,12bea4cdc99cf2fa6500933ce6550228
156,Yes,31.10.2023,1,b4a0385607d4e29295da47428431a031
200,Yes,31.10.2023,1,0fdf45394145c4aa2e78d01cb57a13de
156,Yes,31.10.2023,1,e80bceb7fd5d057242ce5c6756a50172
157,Yes,31.10.2023,1,bebc50c2d289eef1dede92f5fe546442
158,Yes,31.10.2023,1,a813d3dc42a3c051596315f6ba743d69
156,Yes,31.10.2023,1,4caabe71f8465a4f56ec77615f9e6798
156,Yes,31.10.2023,1,42e4900db5ae059fa3fbd5d575de8301
29,Yes,31.10.2023,1,7e40fe171bd92ef104dfee802ae244bb
155,Yes,31.10.2023,1,f2ce3f6d0cfd817bb48901dd9aa782cc
67,Yes,31.10.2023,1,8dbc17f28aed486f505d1395c384d49e
147,Yes,31.10.2023,1,f03dd28f1ef3083337ba4b5831f9e60d
142,Yes,31.10.2023,1,23d183c4f9f880acbf0c737b2f0e2037
136,Yes,31.10.2023,1,af369fef2947211c7d3f2069303af043
118,Yes,31.10.2023,1,08ba750c28a1e80134f28567802e6892
155,Yes,31.10.2023,1,050a16cf51710c56a2f99f8fc9522f67
43,Yes,31.10.2023,1,4140e525e173ffcd3624076bcca0215b
155,Yes,31.10.2023,1,1284ac04299105860b10256554a96d0c
71,Yes,31.10.2023,1,c31a57e25a7f7dcf1a4cbfe0e49e3c79
153,Yes,31.10.2023,1,99714317d301e083d1237944aebac759
154,Yes,31.10.2023,1,8ad85fe1ba87673a4fc6fb6557a8aae7
139,Yes,31.10.2023,1,bc6d9a2915ec6ce90d5c977d2b54872e
46,Yes,31.10.2023,1,2a2b858d73321d2e71fe1a04adb2519a
145,Yes,31.10.2023,1,39e5ec14fc0e59e117241610f007b225
92,Yes,31.10.2023,1,898aa783f2fd4c42a2ac184f53e9a168
110,Yes,31.10.2023,1,a24cffc39b8b1215501e6ad419f07083
154,Yes,31.10.2023,1,24a35d39797accdd11667932b4f347d9
45,Yes,31.10.2023,1,33cc7bbac3bfa276ce72b890f10f23fb
153,Yes,31.10.2023,1,c4b618e19822b0e65cf2467badfd0acf
153,Yes,31.10.2023,1,d7408af79124575baa70b76fcd3eeeca
153,Yes,31.10.2023,1,58f74910ed52cc2255a75b79f0a01bee
153,Yes,31.10.2023,1,119f0aa14a482b499027d025b8110830
153,Yes,31.10.2023,1,460ca2a3a0a7d60de2da7d3c52353c99
92,Yes,31.10.2023,1,c5d8f644b84993b6102a2c340d8ddd4f
154,Yes,31.10.2023,1,522d6166e15fe330483c93641e7b2726
93,Yes,31.10.2023,1,9f79ee67fa8216d15e51b19c33e0d9a7
153,Yes,31.10.2023,1,0d4cb5de3150d871ab956b6dbd2890b8
152,Yes,31.10.2023,1,d439e83aeac0d78e37b128ef0ee8cda7
151,Yes,31.10.2023,1,5488beede0d869a0aecf525268191c49
150,Yes,31.10.2023,1,1eb4248512515c9b3a18b13b885a562e
152,Yes,31.10.2023,1,90c66711aed71940446aba1e38052bf9
143,Yes,31.10.2023,1,70cefa4d3ca3093343082681736b76fe
147,Yes,31.10.2023,1,24de0d45482bd248bb0b1b422d9e464c
149,Yes,31.10.2023,1,41c586c76dda4213c5310c132cdcffd2
148,Yes,31.10.2023,1,4e07ed3f98f0c29a398a0ce4c9d5fae2
172,Yes,31.10.2023,1,2e523c065cbdf65bf746355a2b243b5f
151,Yes,31.10.2023,1,c0911be3f53183b6e937c9e11c1e01d5
37,Yes,31.10.2023,1,4851225c43090a3a9b52ab859b1dd009
151,Yes,31.10.2023,1,a51701675490ff794f5205c8452fff87
69,Yes,31.10.2023,1,a2fb68082878692e8133f0d8181bca72
137,Yes,31.10.2023,1,b8f6e60e49dbc3a7b6ce16a6a723e37c
138,Yes,31.10.2023,1,07a1a4ea51a987d0f96b4a82d6f57503
240,Yes,31.10.2023,1,1ca2b7924de9d3883dd5f3bc8cd47b60
6,Yes,31.10.2023,1,3e5e2d559aee343c4cd1aadb2d2f9d59
136,Yes,31.10.2023,1,fa69bd654be50c9671fac7ba511a4b03
143,Yes,31.10.2023,1,e5d08d4e4f4759b06767557bab0b0df8
47,Yes,31.10.2023,1,efb97458e241e938fa31b4013fe6188c
28,Yes,31.10.2023,1,ad164147d16af2879b5fe67c4be8869f
148,Yes,31.10.2023,1,038845742b9fbe8f4b8d47bfb4d6d0a5
169,Yes,31.10.2023,1,6286602956e05af5a75c8167f7d86407
64,Yes,31.10.2023,1,a6b1a48781b14c8c566db097998b5c6e
78,Yes,31.10.2023,1,1e162f49339e4ba596d5e804c8ea5099
99,Yes,31.10.2023,1,38a6f49fa144e11ecdfa2e91877563dd
146,Yes,31.10.2023,1,c013daba101d1b796800cb0bd23974f6
131,Yes,31.10.2023,1,002df0a773ee7009e9d92e3d28716df1
110,Yes,31.10.2023,1,d6dd31481a52c3d1d89a3d136e786b29
91,Yes,31.10.2023,1,fd42cd796596127999fa4c7829d884a9
45,Yes,31.10.2023,1,ee61f53e58888e67fe62644e063e82eb
26,Yes,31.10.2023,1,8fa9955eaa6984d4d48a369032418186
107,Yes,31.10.2023,1,ee24e5b37aa58288351e5bec362bece1
151,No,31.10.2023,1,ba3b76e81df859d9f5d003cda3764bb0
110,Yes,31.10.2023,1,6b51e1fad0c8489b29e2c35a991deef8
150,Yes,31.10.2023,1,5031da08ba23b5420eba39dcdd2db136
151,No,31.10.2023,1,13dde46356dd0bff6c6ce8c89a92adba
50,Yes,31.10.2023,1,67a48c174d11eebd86b114e9252fd5ab
4,Yes,31.10.2023,1,1b6916f6dc57b22589212f31fc8a8a78
141,Yes,31.10.2023,1,ca255a17075d60da73a99e7a7be98497
127,Yes,31.10.2023,1,a049cc41e6d35517b887cbdc688b4f4f
7,Yes,31.10.2023,1,6a10dab02f2faeb106474d17fc49f5f0
62,Yes,31.10.2023,1,95ec2d14090f46c78bfa5c8865d75109
62,Yes,31.10.2023,1,ff7c1e511ee1046165f33458e7a809cb
60,Yes,31.10.2023,1,6fd6ac68a8fbb1362ae3bf0b2fa43fc0
47,Yes,31.10.2023,1,fed56228b8f82806279a4be0773fe4e0
203,No,07.11.2023,2,def38455859ad75e499820e9747f215d
155,Yes,07.11.2023,2,0d4cb5de3150d871ab956b6dbd2890b8
190,Yes,07.11.2023,2,9a76e47b6130de2a16b09eb2e0731633
89,Yes,07.11.2023,2,8fa9955eaa6984d4d48a369032418186
174,Yes,07.11.2023,2,e80c9bbde1987fdf494f3da1e16f390a
163,Yes,07.11.2023,2,e0d805e6d6998937891e9503b4973fb8
180,Yes,07.11.2023,2,988eb96b2e014ee27e3747f3ee80ca22
149,Yes,07.11.2023,2,38a6f49fa144e11ecdfa2e91877563dd
11,Yes,07.11.2023,2,57ea4f386f3e78443c4ba4cd84da30db
142,Yes,07.11.2023,2,2631c29d7c52db9ac2d60348d0eda302
178,Yes,07.11.2023,2,dab55e08396a1d04198b0789cbba6e6b
3,Yes,07.11.2023,2,ec7b2259aaf3098dafc7fa75d268aaed
96,Yes,07.11.2023,2,bee9b556eeaa2246bdffe580836664d4
1,Yes,07.11.2023,2,930ae52d687d354ea2f81a0044710cb6
149,Yes,07.11.2023,2,11f5b28e6f6d7b3bdf0f35121a7db6a5
151,Yes,07.11.2023,2,36562a7f476a9bd1577a82ddd6d3d8aa
164,Yes,07.11.2023,2,de588f921dc4657bdc81e111cf470d41
162,No,07.11.2023,2,68ad54301392889b4d05cb42d9569d48
49,Yes,07.11.2023,2,085c2738b555e59a5e0d32e274f42f95
158,Yes,07.11.2023,2,1c0322ce50bfc47c73d0fd02d99d790a
103,Yes,07.11.2023,2,f6900a002e5f49a6f96b91c51c9c9554
140,Yes,07.11.2023,2,6aefa2a8994450e4acfa222b2043d309
158,No,07.11.2023,2,13dde46356dd0bff6c6ce8c89a92adba
158,Yes,07.11.2023,2,253e8d0a241fb49e4b7058eaa17f0bd6
157,No,07.11.2023,2,ba3b76e81df859d9f5d003cda3764bb0
158,Yes,07.11.2023,2,cc02ff795ad49839a6317c7643db9ed4
157,Yes,07.11.2023,2,08f0d1dd0e9041626929d866848faa8c
156,Yes,07.11.2023,2,b152b1912798603cfb1ac6689b09f970
157,Yes,07.11.2023,2,b5ba3569779f8fe9c002bed17f16ad4b
133,Yes,07.11.2023,2,247673e894bed2f2b38491233b180042
157,Yes,07.11.2023,2,b9e887e8f7035380f3fd3fc885b7fbbd
156,Yes,07.11.2023,2,74cf46aacf8eb059e46a061995c249c0
147,Yes,07.11.2023,2,68b0b302e2c04bad76c97f523590c437
156,Yes,07.11.2023,2,6286602956e05af5a75c8167f7d86407
66,Yes,07.11.2023,2,51ad280f9856c6a165476a7d2ea849e3
155,Yes,07.11.2023,2,0573bf3b89a34ea041726c1efe329e73
155,Yes,07.11.2023,2,119f0aa14a482b499027d025b8110830
263,Yes,07.11.2023,2,00ca4671e09e5ecf98faecb9bbfbba35
155,Yes,07.11.2023,2,0e1e95b688f8a5f34b6e499aa4ec4c84
153,Yes,07.11.2023,2,0c73c79ec85d48d0be5a94fe41b17d16
155,Yes,07.11.2023,2,b5ade33ebd452f104a13cdc85f1da2cd
154,Yes,07.11.2023,2,b4a0385607d4e29295da47428431a031
219,Yes,07.11.2023,2,f9a898362f5d2e8d1e24977eb78e540d
154,Yes,07.11.2023,2,83396c31f027f73afd39ea4a97e612bf
36,Yes,07.11.2023,2,72add7475382e364070db075fc33ee7d
44,Yes,07.11.2023,2,b0b16b888080bab39ac08ccdbf4b7bea
154,Yes,07.11.2023,2,fa69bd654be50c9671fac7ba511a4b03
44,Yes,07.11.2023,2,99b13c654238e52c5fcb07f0e98b7995
151,Yes,07.11.2023,2,ca255a17075d60da73a99e7a7be98497
152,Yes,07.11.2023,2,d0f99d835b2b5da95fde5e4cdd84e681
153,Yes,07.11.2023,2,97c345d56f4617f76d82d6f6e2d58bac
154,Yes,07.11.2023,2,93d3e32fd214f706da091da057333895
89,Yes,07.11.2023,2,47baa31e8261188722c4cbd817b91e41
150,Yes,07.11.2023,2,39e5ec14fc0e59e117241610f007b225
153,Yes,07.11.2023,2,d439e83aeac0d78e37b128ef0ee8cda7
153,Yes,07.11.2023,2,92838c02b4ab4f82f59b302ca88d20a8
154,Yes,07.11.2023,2,1a23e21b875858bb09819cf72dc15ec4
134,Yes,07.11.2023,2,7804c7c63475b68cb15c86dc4383383d
146,Yes,07.11.2023,2,bebc50c2d289eef1dede92f5fe546442
146,Yes,07.11.2023,2,46cbb3253205c46166da5cb3853ebdd8
137,Yes,07.11.2023,2,ad22ffd71064aae95e6606a4249f0a67
152,Yes,07.11.2023,2,38c60f03926d5f96b3a72b3742f939eb
111,Yes,07.11.2023,2,906fef0d8072ad75c17a03b52254ffe6
152,Yes,07.11.2023,2,5d71541643b20ea0402c38447329aff9
152,Yes,07.11.2023,2,c4b618e19822b0e65cf2467badfd0acf
138,Yes,07.11.2023,2,3651df2040de1d3d58e421967e49e2e6
151,Yes,07.11.2023,2,297c21840007b94da0bf65f2a8d6632f
151,Yes,07.11.2023,2,73fe85a58705434af0f04d0695edd2ed
129,Yes,07.11.2023,2,c31a57e25a7f7dcf1a4cbfe0e49e3c79
151,Yes,07.11.2023,2,fd42cd796596127999fa4c7829d884a9
12,Yes,07.11.2023,2,63043e9f06b70906eb5ba7b85a50c51a
111,Yes,07.11.2023,2,a9f17aeec118d45d9ce7a9d36735187c
113,Yes,07.11.2023,2,67a48c174d11eebd86b114e9252fd5ab
150,Yes,07.11.2023,2,8dbc17f28aed486f505d1395c384d49e
151,Yes,07.11.2023,2,d0ee1b46106d5b2b7db5a65d0a298574
10,Yes,07.11.2023,2,2cb73006fcafd54b70099da1ad13b6e5
19,Yes,07.11.2023,2,1eddec942ea3cca17a070e3fb1cfe61c
151,Yes,07.11.2023,2,6c66c6454bbed93bb3f853728569f7c5
127,Yes,07.11.2023,2,bb472d996ed67c08264ffe65e47f1a16
150,Yes,07.11.2023,2,54061b14020bcd0be4cc8d598a8fc7df
78,Yes,07.11.2023,2,25599a243094afd64cfd86d44d9e91ef
150,Yes,07.11.2023,2,006c01d1724f1cd306f1ce5c88e35708
36,Yes,07.11.2023,2,710ff2a784b6e780a824bd0bcaaa3a0f
80,Yes,07.11.2023,2,898aa783f2fd4c42a2ac184f53e9a168
145,Yes,07.11.2023,2,add7664d1982a1e7ce45695a3455faae
148,Yes,07.11.2023,2,7fabe495f583b8fd97054faa03a5e889
128,Yes,07.11.2023,2,b456d035fc587ad1b5d37e1d1e2d7af5
146,Yes,07.11.2023,2,59c8bdf3a61b812a469ffdd28cc994b2
149,Yes,07.11.2023,2,2c2f206732739be89a3d1b078d939134
147,Yes,07.11.2023,2,038845742b9fbe8f4b8d47bfb4d6d0a5
148,Yes,07.11.2023,2,5e7c99207a86a93eaf8f73bb76c13f30
122,Yes,07.11.2023,2,1ba8b41c27f3e893c72400c41158991a
29,Yes,07.11.2023,2,3596dca52b3b4122b94c377b06662374
71,Yes,07.11.2023,2,e20073b62ffa50d500f24c575dd83c29
8,Yes,07.11.2023,2,1b6916f6dc57b22589212f31fc8a8a78
144,Yes,07.11.2023,2,b8f6e60e49dbc3a7b6ce16a6a723e37c
119,Yes,07.11.2023,2,1ca2b7924de9d3883dd5f3bc8cd47b60
139,Yes,07.11.2023,2,41d7322cb4608233e9baea414ae561f3
1,Yes,07.11.2023,2,3d3a5da46b189ede2f2eca40d9ff82c2
57,Yes,07.11.2023,2,9b064a320996c027bf5b28f0005e0bbd
136,Yes,07.11.2023,2,1e5d877acc683dcd42876aa13a128495
70,Yes,07.11.2023,2,eee6cebd0262e157371b496ab1be3ee4
129,Yes,07.11.2023,2,955b155fd3a50c0fb00248b604d49542
8,Yes,07.11.2023,2,81d93a4d2e0a99880c6825f981b9f63c
120,Yes,07.11.2023,2,21aa9f49610aaedbb3ca6d156091c78f
117,Yes,07.11.2023,2,dfc523d9490bc948f33b1be6d6b74fbc
119,Yes,07.11.2023,2,2d57a80b8ebd25f522606b657f7f81b1
51,Yes,07.11.2023,2,c9ddbe35c36067c5cc65f792cffaf12d
1,Yes,07.11.2023,2,0eb55f2cb40c508579554a2489dbee7d
94,Yes,07.11.2023,2,0b6929f9dec3e4c1a691104e0202c95c
44,Yes,07.11.2023,2,1de2702f4601fbd4f9ef002723bd7c42
3,Yes,07.11.2023,2,1b2a9114e01d3db1f74520df73d27ae2
44,Yes,07.11.2023,2,a76b39678ad4673f84182953d5e19e2f
6,Yes,07.11.2023,2,0b65a7d34332f03e0277dd8958bd2476
73,Yes,07.11.2023,2,b3d0876388a8d17860f2bd2cf77f2763
49,Yes,07.11.2023,2,2e523c065cbdf65bf746355a2b243b5f
51,Yes,07.11.2023,2,8c749e1b0a9453c3859c9229dab7babc
48,Yes,07.11.2023,2,17cd91152a93c15b3bcbb8dab670906b
22,Yes,07.11.2023,2,1284ac04299105860b10256554a96d0c
6,Yes,07.11.2023,2,37fbf2d2fb60547d9287dfa232248bb9
177,No,14.11.2023,3,def38455859ad75e499820e9747f215d
73,Yes,14.11.2023,3,e80c9bbde1987fdf494f3da1e16f390a
1,Yes,14.11.2023,3,710ff2a784b6e780a824bd0bcaaa3a0f
171,Yes,14.11.2023,3,dab55e08396a1d04198b0789cbba6e6b
5,Yes,14.11.2023,3,b496a8d8e08c1960a1db87b11161507e
15,Yes,14.11.2023,3,81d93a4d2e0a99880c6825f981b9f63c
164,Yes,14.11.2023,3,36562a7f476a9bd1577a82ddd6d3d8aa
158,Yes,14.11.2023,3,e0d805e6d6998937891e9503b4973fb8
137,Yes,14.11.2023,3,f8742a9293a428dcf297ab2003a81d58
148,Yes,14.11.2023,3,b152b1912798603cfb1ac6689b09f970
159,Yes,14.11.2023,3,608d4b30f0ddb1d3a13d02df9edfe27d
154,Yes,14.11.2023,3,8dbc17f28aed486f505d1395c384d49e
157,Yes,14.11.2023,3,839d29a31c7275d3696b3e09e6dc8f02
125,Yes,14.11.2023,3,6ca52b72669371fdc55f0bb202abcbf1
158,Yes,14.11.2023,3,74cf46aacf8eb059e46a061995c249c0
158,Yes,14.11.2023,3,b9e887e8f7035380f3fd3fc885b7fbbd
158,Yes,14.11.2023,3,6aefa2a8994450e4acfa222b2043d309
157,No,14.11.2023,3,ba3b76e81df859d9f5d003cda3764bb0
156,Yes,14.11.2023,3,00ca4671e09e5ecf98faecb9bbfbba35
157,Yes,14.11.2023,3,297c21840007b94da0bf65f2a8d6632f
151,Yes,14.11.2023,3,0c73c79ec85d48d0be5a94fe41b17d16
91,Yes,14.11.2023,3,b7c7b59b48399b4592b74db0e2c5b722
157,No,14.11.2023,3,68ad54301392889b4d05cb42d9569d48
155,Yes,14.11.2023,3,955b155fd3a50c0fb00248b604d49542
145,Yes,14.11.2023,3,3194612623ba7dd35ccf4f6b3db9ac3f
157,Yes,14.11.2023,3,97c345d56f4617f76d82d6f6e2d58bac
157,Yes,14.11.2023,3,0b6929f9dec3e4c1a691104e0202c95c
156,Yes,14.11.2023,3,b4a0385607d4e29295da47428431a031
156,Yes,14.11.2023,3,cc02ff795ad49839a6317c7643db9ed4
156,Yes,14.11.2023,3,de588f921dc4657bdc81e111cf470d41
43,Yes,14.11.2023,3,99b13c654238e52c5fcb07f0e98b7995
6,Yes,14.11.2023,3,1ca9181c4054bd04985ce1f9062fbe74
155,Yes,14.11.2023,3,0d4cb5de3150d871ab956b6dbd2890b8
154,Yes,14.11.2023,3,d79ad30eff417f87bdff58aefcf4dcf4
156,Yes,14.11.2023,3,fd42cd796596127999fa4c7829d884a9
156,Yes,14.11.2023,3,253e8d0a241fb49e4b7058eaa17f0bd6
30,Yes,14.11.2023,3,2c2f206732739be89a3d1b078d939134
32,Yes,14.11.2023,3,e20073b62ffa50d500f24c575dd83c29
130,Yes,14.11.2023,3,bebc50c2d289eef1dede92f5fe546442
68,Yes,14.11.2023,3,894d310ab864e1317bbe28054b0d11a0
155,Yes,14.11.2023,3,92838c02b4ab4f82f59b302ca88d20a8
32,Yes,14.11.2023,3,d439e83aeac0d78e37b128ef0ee8cda7
99,Yes,14.11.2023,3,e38982f2958725edec877b95c3469db0
155,Yes,14.11.2023,3,d123af5dd193ea055577eb3bbb1c4dff
154,Yes,14.11.2023,3,47baa31e8261188722c4cbd817b91e41
66,Yes,14.11.2023,3,1b2a9114e01d3db1f74520df73d27ae2
154,Yes,14.11.2023,3,b5ba3569779f8fe9c002bed17f16ad4b
154,Yes,14.11.2023,3,6c66c6454bbed93bb3f853728569f7c5
153,Yes,14.11.2023,3,68b0b302e2c04bad76c97f523590c437
104,Yes,14.11.2023,3,038845742b9fbe8f4b8d47bfb4d6d0a5
129,Yes,14.11.2023,3,73fe85a58705434af0f04d0695edd2ed
132,Yes,14.11.2023,3,a309fd57d7d8ee417bc86b6dfb33604b
8,Yes,14.11.2023,3,d0ee1b46106d5b2b7db5a65d0a298574
65,Yes,14.11.2023,3,51ad280f9856c6a165476a7d2ea849e3
148,Yes,14.11.2023,3,7804c7c63475b68cb15c86dc4383383d
153,Yes,14.11.2023,3,67a48c174d11eebd86b114e9252fd5ab
153,Yes,14.11.2023,3,7fabe495f583b8fd97054faa03a5e889
153,Yes,14.11.2023,3,5e7c99207a86a93eaf8f73bb76c13f30
111,Yes,14.11.2023,3,1a23e21b875858bb09819cf72dc15ec4
119,Yes,14.11.2023,3,d0f99d835b2b5da95fde5e4cdd84e681
122,Yes,14.11.2023,3,6bab266238a63990291cdf2d9ea36e7e
144,Yes,14.11.2023,3,5d71541643b20ea0402c38447329aff9
67,Yes,14.11.2023,3,a9f17aeec118d45d9ce7a9d36735187c
150,Yes,14.11.2023,3,006c01d1724f1cd306f1ce5c88e35708
65,Yes,14.11.2023,3,15ad030dcb34d07b4202942bc5c64323
146,Yes,14.11.2023,3,83396c31f027f73afd39ea4a97e612bf
20,Yes,14.11.2023,3,2631c29d7c52db9ac2d60348d0eda302
149,Yes,14.11.2023,3,9a76e47b6130de2a16b09eb2e0731633
150,Yes,14.11.2023,3,add7664d1982a1e7ce45695a3455faae
134,Yes,14.11.2023,3,247673e894bed2f2b38491233b180042
149,Yes,14.11.2023,3,46cbb3253205c46166da5cb3853ebdd8
31,Yes,14.11.2023,3,93d3e32fd214f706da091da057333895
147,Yes,14.11.2023,3,21aa9f49610aaedbb3ca6d156091c78f
45,Yes,14.11.2023,3,41d7322cb4608233e9baea414ae561f3
67,Yes,14.11.2023,3,ec54b4fe4fefa48246f24c5f87ff6f07
127,Yes,14.11.2023,3,b8f6e60e49dbc3a7b6ce16a6a723e37c
102,Yes,14.11.2023,3,38a6f49fa144e11ecdfa2e91877563dd
144,Yes,14.11.2023,3,1f5e135d1a585fcf0fa6ab0faff4e399
3,Yes,14.11.2023,3,17d3d62270dfc9b67acf4b6356a0169c
2,Yes,14.11.2023,3,664e4c52805074d0503a55a3a164046a
6,Yes,14.11.2023,3,bb472d996ed67c08264ffe65e47f1a16
14,Yes,14.11.2023,3,839b6b737050b192b6246baf61f4e8ff
139,Yes,14.11.2023,3,b5ade33ebd452f104a13cdc85f1da2cd
49,Yes,14.11.2023,3,1ca2b7924de9d3883dd5f3bc8cd47b60
93,Yes,14.11.2023,3,8fa9955eaa6984d4d48a369032418186
138,Yes,14.11.2023,3,54061b14020bcd0be4cc8d598a8fc7df
136,Yes,14.11.2023,3,dfc523d9490bc948f33b1be6d6b74fbc
3,Yes,14.11.2023,3,b9cd261f22064043082953a83271cf67
45,Yes,14.11.2023,3,eee6cebd0262e157371b496ab1be3ee4
134,Yes,14.11.2023,3,d47d45687a49e2d54ce5a0d0fad941aa
128,Yes,14.11.2023,3,7923675bb048eba4791247be71aa781e
122,Yes,14.11.2023,3,ca255a17075d60da73a99e7a7be98497
111,Yes,14.11.2023,3,2bc3cce69559dc06fca4f3dd6cb11343
14,Yes,14.11.2023,3,d745064b38e8032f4e96faca95f56936
113,Yes,14.11.2023,3,08f0d1dd0e9041626929d866848faa8c
73,Yes,14.11.2023,3,097781d37f3b4c6aaa14590bb10146fa
22,Yes,14.11.2023,3,1ba8b41c27f3e893c72400c41158991a
26,Yes,14.11.2023,3,1e5d877acc683dcd42876aa13a128495
6,Yes,14.11.2023,3,7fdd43e630dc3913c0dbc8d87308adcf
6,Yes,14.11.2023,3,1a1408b5410e0b52cb966d0922a7281a
27,Yes,14.11.2023,3,0b750f215528614b8be4537028d83624
63,Yes,14.11.2023,3,3629708d173abdb31900fe0429770fe3
61,Yes,14.11.2023,3,c4b618e19822b0e65cf2467badfd0acf
57,Yes,14.11.2023,3,8c749e1b0a9453c3859c9229dab7babc
1,Yes,14.11.2023,3,99714317d301e083d1237944aebac759
2,Yes,14.11.2023,3,3c17bee6c4015332a6027d78772f2370
95,No,16.11.2023,4,def38455859ad75e499820e9747f215d
95,Yes,16.11.2023,4,36562a7f476a9bd1577a82ddd6d3d8aa
2,No,16.11.2023,4,68ad54301392889b4d05cb42d9569d48
90,Yes,16.11.2023,4,83396c31f027f73afd39ea4a97e612bf
78,Yes,16.11.2023,4,a309fd57d7d8ee417bc86b6dfb33604b
32,Yes,16.11.2023,4,d439e83aeac0d78e37b128ef0ee8cda7
167,No,21.11.2023,5,def38455859ad75e499820e9747f215d
154,No,21.11.2023,5,68ad54301392889b4d05cb42d9569d48
105,Yes,21.11.2023,5,b5ba3569779f8fe9c002bed17f16ad4b
158,Yes,21.11.2023,5,dab55e08396a1d04198b0789cbba6e6b
59,Yes,21.11.2023,5,1ca2b7924de9d3883dd5f3bc8cd47b60
157,Yes,21.11.2023,5,0573bf3b89a34ea041726c1efe329e73
124,Yes,21.11.2023,5,21aa9f49610aaedbb3ca6d156091c78f
158,Yes,21.11.2023,5,b9e887e8f7035380f3fd3fc885b7fbbd
116,Yes,21.11.2023,5,038845742b9fbe8f4b8d47bfb4d6d0a5
156,Yes,21.11.2023,5,de588f921dc4657bdc81e111cf470d41
156,Yes,21.11.2023,5,9a76e47b6130de2a16b09eb2e0731633
147,Yes,21.11.2023,5,dfc523d9490bc948f33b1be6d6b74fbc
155,Yes,21.11.2023,5,97c345d56f4617f76d82d6f6e2d58bac
236,Yes,21.11.2023,5,8dbc17f28aed486f505d1395c384d49e
155,Yes,21.11.2023,5,297c21840007b94da0bf65f2a8d6632f
144,Yes,21.11.2023,5,36562a7f476a9bd1577a82ddd6d3d8aa
155,Yes,21.11.2023,5,d47d45687a49e2d54ce5a0d0fad941aa
58,Yes,21.11.2023,5,51ad280f9856c6a165476a7d2ea849e3
74,Yes,21.11.2023,5,47baa31e8261188722c4cbd817b91e41
153,Yes,21.11.2023,5,83396c31f027f73afd39ea4a97e612bf
153,Yes,21.11.2023,5,0c73c79ec85d48d0be5a94fe41b17d16
43,Yes,21.11.2023,5,99b13c654238e52c5fcb07f0e98b7995
37,Yes,21.11.2023,5,e80c9bbde1987fdf494f3da1e16f390a
42,Yes,21.11.2023,5,3194612623ba7dd35ccf4f6b3db9ac3f
150,Yes,21.11.2023,5,42905878d06231c83f7c6a203a303e57
44,Yes,21.11.2023,5,eee6cebd0262e157371b496ab1be3ee4
37,Yes,21.11.2023,5,a9f17aeec118d45d9ce7a9d36735187c
149,Yes,21.11.2023,5,38c60f03926d5f96b3a72b3742f939eb
152,Yes,21.11.2023,5,7804c7c63475b68cb15c86dc4383383d
151,Yes,21.11.2023,5,dfd934bb655df40fe9d254ed40fb0ef8
152,Yes,21.11.2023,5,74cf46aacf8eb059e46a061995c249c0
153,Yes,21.11.2023,5,6aefa2a8994450e4acfa222b2043d309
52,Yes,21.11.2023,5,7760b54f9ca2242fcc66b88bba920f36
43,Yes,21.11.2023,5,a76b39678ad4673f84182953d5e19e2f
56,Yes,21.11.2023,5,00ca4671e09e5ecf98faecb9bbfbba35
128,Yes,21.11.2023,5,bebc50c2d289eef1dede92f5fe546442
152,Yes,21.11.2023,5,cc02ff795ad49839a6317c7643db9ed4
151,Yes,21.11.2023,5,b152b1912798603cfb1ac6689b09f970
40,Yes,21.11.2023,5,ba3b76e81df859d9f5d003cda3764bb0
152,No,21.11.2023,5,13dde46356dd0bff6c6ce8c89a92adba
151,Yes,21.11.2023,5,6c66c6454bbed93bb3f853728569f7c5
151,Yes,21.11.2023,5,7923675bb048eba4791247be71aa781e
51,Yes,21.11.2023,5,06d5e326ab92470b956db55817b44ef9
151,Yes,21.11.2023,5,46cbb3253205c46166da5cb3853ebdd8
151,Yes,21.11.2023,5,7fabe495f583b8fd97054faa03a5e889
150,Yes,21.11.2023,5,d79ad30eff417f87bdff58aefcf4dcf4
150,Yes,21.11.2023,5,253e8d0a241fb49e4b7058eaa17f0bd6
117,Yes,21.11.2023,5,d0f99d835b2b5da95fde5e4cdd84e681
150,Yes,21.11.2023,5,5e7c99207a86a93eaf8f73bb76c13f30
120,Yes,21.11.2023,5,b8f6e60e49dbc3a7b6ce16a6a723e37c
31,Yes,21.11.2023,5,73fe85a58705434af0f04d0695edd2ed
85,Yes,21.11.2023,5,92838c02b4ab4f82f59b302ca88d20a8
75,Yes,21.11.2023,5,38a6f49fa144e11ecdfa2e91877563dd
40,Yes,21.11.2023,5,0d4cb5de3150d871ab956b6dbd2890b8
4,Yes,21.11.2023,5,d0ee1b46106d5b2b7db5a65d0a298574
141,Yes,21.11.2023,5,a309fd57d7d8ee417bc86b6dfb33604b
127,Yes,21.11.2023,5,571482e7e35939d9ac43f01a7739c389
148,Yes,21.11.2023,5,add7664d1982a1e7ce45695a3455faae
30,Yes,21.11.2023,5,2e523c065cbdf65bf746355a2b243b5f
147,Yes,21.11.2023,5,bb472d996ed67c08264ffe65e47f1a16
146,Yes,21.11.2023,5,24a35d39797accdd11667932b4f347d9
47,Yes,21.11.2023,5,67a48c174d11eebd86b114e9252fd5ab
135,Yes,21.11.2023,5,fd42cd796596127999fa4c7829d884a9
144,Yes,21.11.2023,5,a74c70503bbfadbff0b5a1e939c02a74
98,Yes,21.11.2023,5,d123af5dd193ea055577eb3bbb1c4dff
90,Yes,21.11.2023,5,15ad030dcb34d07b4202942bc5c64323
31,Yes,21.11.2023,5,2631c29d7c52db9ac2d60348d0eda302
12,Yes,21.11.2023,5,24e5b8e2bd74adac49380863ac5ba488
135,Yes,21.11.2023,5,08f0d1dd0e9041626929d866848faa8c
127,Yes,21.11.2023,5,ca255a17075d60da73a99e7a7be98497
53,Yes,21.11.2023,5,00ea3329d63d9f9b298340d4c45281b0
66,Yes,21.11.2023,5,006c01d1724f1cd306f1ce5c88e35708
6,Yes,21.11.2023,5,99714317d301e083d1237944aebac759
48,Yes,21.11.2023,5,097781d37f3b4c6aaa14590bb10146fa
111,Yes,21.11.2023,5,d439e83aeac0d78e37b128ef0ee8cda7
100,Yes,21.11.2023,5,90c66711aed71940446aba1e38052bf9
100,Yes,21.11.2023,5,e38982f2958725edec877b95c3469db0
100,Yes,21.11.2023,5,b4a0385607d4e29295da47428431a031
63,Yes,21.11.2023,5,39e5ec14fc0e59e117241610f007b225
15,Yes,21.11.2023,5,37fbf2d2fb60547d9287dfa232248bb9
38,Yes,21.11.2023,5,1e5d877acc683dcd42876aa13a128495
11,Yes,21.11.2023,5,8c749e1b0a9453c3859c9229dab7babc
16,Yes,21.11.2023,5,ff28d166f3ecb953c346567b0156aadd
11,Yes,21.11.2023,5,d110f00cfb1b248e835137025804a23b
164,No,28.11.2023,6,def38455859ad75e499820e9747f215d
162,Yes,28.11.2023,6,b9e887e8f7035380f3fd3fc885b7fbbd
126,Yes,28.11.2023,6,21aa9f49610aaedbb3ca6d156091c78f
62,Yes,28.11.2023,6,f6900a002e5f49a6f96b91c51c9c9554
79,Yes,28.11.2023,6,70115410ba9ec66b8585b50d3842beb7
157,Yes,28.11.2023,6,b152b1912798603cfb1ac6689b09f970
9,Yes,28.11.2023,6,38c60f03926d5f96b3a72b3742f939eb
62,Yes,28.11.2023,6,00ea3329d63d9f9b298340d4c45281b0
156,Yes,28.11.2023,6,36562a7f476a9bd1577a82ddd6d3d8aa
156,Yes,28.11.2023,6,ba3b76e81df859d9f5d003cda3764bb0
155,Yes,28.11.2023,6,0c73c79ec85d48d0be5a94fe41b17d16
155,Yes,28.11.2023,6,297c21840007b94da0bf65f2a8d6632f
156,Yes,28.11.2023,6,d47d45687a49e2d54ce5a0d0fad941aa
63,Yes,28.11.2023,6,955b155fd3a50c0fb00248b604d49542
1,Yes,28.11.2023,6,51ad280f9856c6a165476a7d2ea849e3
63,Yes,28.11.2023,6,5d71541643b20ea0402c38447329aff9
7,Yes,28.11.2023,6,6479e7ec7748039db34142725489acd0
151,Yes,28.11.2023,6,eed076246b60bc6bc91cbf3830cb6dd4
153,Yes,28.11.2023,6,83396c31f027f73afd39ea4a97e612bf
153,Yes,28.11.2023,6,74cf46aacf8eb059e46a061995c249c0
8,Yes,28.11.2023,6,99b13c654238e52c5fcb07f0e98b7995
28,Yes,28.11.2023,6,e20073b62ffa50d500f24c575dd83c29
152,Yes,28.11.2023,6,b4a0385607d4e29295da47428431a031
153,Yes,28.11.2023,6,6c66c6454bbed93bb3f853728569f7c5
152,Yes,28.11.2023,6,6aefa2a8994450e4acfa222b2043d309
126,Yes,28.11.2023,6,39e5ec14fc0e59e117241610f007b225
41,Yes,28.11.2023,6,00ca4671e09e5ecf98faecb9bbfbba35
151,Yes,28.11.2023,6,a309fd57d7d8ee417bc86b6dfb33604b
56,Yes,28.11.2023,6,6bab266238a63990291cdf2d9ea36e7e
142,Yes,28.11.2023,6,dab55e08396a1d04198b0789cbba6e6b
112,Yes,28.11.2023,6,47baa31e8261188722c4cbd817b91e41
151,Yes,28.11.2023,6,dfd934bb655df40fe9d254ed40fb0ef8
151,Yes,28.11.2023,6,46cbb3253205c46166da5cb3853ebdd8
151,Yes,28.11.2023,6,08f0d1dd0e9041626929d866848faa8c
150,Yes,28.11.2023,6,7923675bb048eba4791247be71aa781e
149,Yes,28.11.2023,6,7804c7c63475b68cb15c86dc4383383d
150,Yes,28.11.2023,6,d439e83aeac0d78e37b128ef0ee8cda7
120,Yes,28.11.2023,6,b8f6e60e49dbc3a7b6ce16a6a723e37c
149,Yes,28.11.2023,6,90c66711aed71940446aba1e38052bf9
136,Yes,28.11.2023,6,15ad030dcb34d07b4202942bc5c64323
150,Yes,28.11.2023,6,92838c02b4ab4f82f59b302ca88d20a8
145,Yes,28.11.2023,6,97c345d56f4617f76d82d6f6e2d58bac
131,Yes,28.11.2023,6,d0f99d835b2b5da95fde5e4cdd84e681
145,Yes,28.11.2023,6,add7664d1982a1e7ce45695a3455faae
1,Yes,28.11.2023,6,894d310ab864e1317bbe28054b0d11a0
147,Yes,28.11.2023,6,cc02ff795ad49839a6317c7643db9ed4
5,Yes,28.11.2023,6,1a1408b5410e0b52cb966d0922a7281a
43,Yes,28.11.2023,6,038845742b9fbe8f4b8d47bfb4d6d0a5
113,Yes,28.11.2023,6,1f089b8851e8479682b68f9f114af080
143,Yes,28.11.2023,6,ca255a17075d60da73a99e7a7be98497
145,Yes,28.11.2023,6,a74c70503bbfadbff0b5a1e939c02a74
110,Yes,28.11.2023,6,b3d0876388a8d17860f2bd2cf77f2763
140,Yes,28.11.2023,6,5e7c99207a86a93eaf8f73bb76c13f30
1,Yes,28.11.2023,6,eee6cebd0262e157371b496ab1be3ee4
2,Yes,28.11.2023,6,7fabe495f583b8fd97054faa03a5e889
138,Yes,28.11.2023,6,af28ba62b749ab6b821aee0e93378e18
18,Yes,28.11.2023,6,b7c7b59b48399b4592b74db0e2c5b722
136,Yes,28.11.2023,6,220d9368efdf7891eed20eb1eaf8bf2e
131,Yes,28.11.2023,6,253e8d0a241fb49e4b7058eaa17f0bd6
101,Yes,28.11.2023,6,11f5b28e6f6d7b3bdf0f35121a7db6a5
38,Yes,28.11.2023,6,0573bf3b89a34ea041726c1efe329e73
110,Yes,28.11.2023,6,fd42cd796596127999fa4c7829d884a9
73,Yes,28.11.2023,6,41d7322cb4608233e9baea414ae561f3
76,Yes,28.11.2023,6,38a6f49fa144e11ecdfa2e91877563dd
97,Yes,28.11.2023,6,b5ba3569779f8fe9c002bed17f16ad4b
55,Yes,28.11.2023,6,d79ad30eff417f87bdff58aefcf4dcf4
26,Yes,28.11.2023,6,dfc523d9490bc948f33b1be6d6b74fbc
170,No,05.12.2023,7,def38455859ad75e499820e9747f215d
153,Yes,05.12.2023,7,dab55e08396a1d04198b0789cbba6e6b
162,Yes,05.12.2023,7,fd42cd796596127999fa4c7829d884a9
134,Yes,05.12.2023,7,00ca4671e09e5ecf98faecb9bbfbba35
26,Yes,05.12.2023,7,24de0d45482bd248bb0b1b422d9e464c
155,Yes,05.12.2023,7,eed076246b60bc6bc91cbf3830cb6dd4
136,Yes,05.12.2023,7,0573bf3b89a34ea041726c1efe329e73
150,Yes,05.12.2023,7,608d4b30f0ddb1d3a13d02df9edfe27d
25,Yes,05.12.2023,7,00ea3329d63d9f9b298340d4c45281b0
148,Yes,05.12.2023,7,d47d45687a49e2d54ce5a0d0fad941aa
148,Yes,05.12.2023,7,54061b14020bcd0be4cc8d598a8fc7df
148,Yes,05.12.2023,7,97c345d56f4617f76d82d6f6e2d58bac
147,Yes,05.12.2023,7,ba3b76e81df859d9f5d003cda3764bb0
147,Yes,05.12.2023,7,7fabe495f583b8fd97054faa03a5e889
147,Yes,05.12.2023,7,0c73c79ec85d48d0be5a94fe41b17d16
1,Yes,05.12.2023,7,51ad280f9856c6a165476a7d2ea849e3
13,Yes,05.12.2023,7,99b13c654238e52c5fcb07f0e98b7995
146,Yes,05.12.2023,7,7bd2782b2242f8ce978bd642d4b917b7
155,Yes,05.12.2023,7,83396c31f027f73afd39ea4a97e612bf
146,Yes,05.12.2023,7,006c01d1724f1cd306f1ce5c88e35708
144,Yes,05.12.2023,7,6c66c6454bbed93bb3f853728569f7c5
147,Yes,05.12.2023,7,b9e887e8f7035380f3fd3fc885b7fbbd
144,Yes,05.12.2023,7,bebc50c2d289eef1dede92f5fe546442
146,Yes,05.12.2023,7,297c21840007b94da0bf65f2a8d6632f
53,Yes,05.12.2023,7,5d71541643b20ea0402c38447329aff9
145,Yes,05.12.2023,7,253e8d0a241fb49e4b7058eaa17f0bd6
147,Yes,05.12.2023,7,0d4cb5de3150d871ab956b6dbd2890b8
54,Yes,05.12.2023,7,eee6cebd0262e157371b496ab1be3ee4
110,Yes,05.12.2023,7,d439e83aeac0d78e37b128ef0ee8cda7
145,Yes,05.12.2023,7,74cf46aacf8eb059e46a061995c249c0
117,Yes,05.12.2023,7,39e5ec14fc0e59e117241610f007b225
119,Yes,05.12.2023,7,7804c7c63475b68cb15c86dc4383383d
126,Yes,05.12.2023,7,90c66711aed71940446aba1e38052bf9
144,Yes,05.12.2023,7,b4a0385607d4e29295da47428431a031
46,Yes,05.12.2023,7,9d0f4c5a7802b0aa5e67c0c12e30ccde
56,Yes,05.12.2023,7,1b2a9114e01d3db1f74520df73d27ae2
34,Yes,05.12.2023,7,f9a898362f5d2e8d1e24977eb78e540d
124,Yes,05.12.2023,7,b8f6e60e49dbc3a7b6ce16a6a723e37c
142,Yes,05.12.2023,7,050a16cf51710c56a2f99f8fc9522f67
142,Yes,05.12.2023,7,46cbb3253205c46166da5cb3853ebdd8
141,Yes,05.12.2023,7,45d6b4cb528be525afb5655b29f02bd5
141,Yes,05.12.2023,7,08f0d1dd0e9041626929d866848faa8c
140,Yes,05.12.2023,7,dfd934bb655df40fe9d254ed40fb0ef8
106,Yes,05.12.2023,7,67a48c174d11eebd86b114e9252fd5ab
72,Yes,05.12.2023,7,6479e7ec7748039db34142725489acd0
141,Yes,05.12.2023,7,5e7c99207a86a93eaf8f73bb76c13f30
132,Yes,05.12.2023,7,839d29a31c7275d3696b3e09e6dc8f02
82,Yes,05.12.2023,7,59c8bdf3a61b812a469ffdd28cc994b2
132,Yes,05.12.2023,7,b5ba3569779f8fe9c002bed17f16ad4b
123,Yes,05.12.2023,7,a309fd57d7d8ee417bc86b6dfb33604b
68,Yes,05.12.2023,7,38a6f49fa144e11ecdfa2e91877563dd
112,Yes,05.12.2023,7,8d6ddc450385af971bac53d82c3881bf
108,Yes,05.12.2023,7,b5ade33ebd452f104a13cdc85f1da2cd
38,Yes,05.12.2023,7,dfc523d9490bc948f33b1be6d6b74fbc
39,Yes,05.12.2023,7,92838c02b4ab4f82f59b302ca88d20a8
76,Yes,05.12.2023,7,6aefa2a8994450e4acfa222b2043d309
30,Yes,05.12.2023,7,1ba8b41c27f3e893c72400c41158991a
67,Yes,05.12.2023,7,cc02ff795ad49839a6317c7643db9ed4
67,Yes,05.12.2023,7,1ca2b7924de9d3883dd5f3bc8cd47b60
5,Yes,05.12.2023,7,ca255a17075d60da73a99e7a7be98497
17,Yes,05.12.2023,7,a813d3dc42a3c051596315f6ba743d69
42,Yes,05.12.2023,7,11f5b28e6f6d7b3bdf0f35121a7db6a5
144,No,12.12.2023,8,def38455859ad75e499820e9747f215d
128,Yes,12.12.2023,8,8c749e1b0a9453c3859c9229dab7babc
143,Yes,12.12.2023,8,396870420881061fd942fa42f290ee85
22,Yes,12.12.2023,8,67a48c174d11eebd86b114e9252fd5ab
128,Yes,12.12.2023,8,0573bf3b89a34ea041726c1efe329e73
130,Yes,12.12.2023,8,b152b1912798603cfb1ac6689b09f970
13,Yes,12.12.2023,8,faf5a323cb7113752cf19e6f03515654
132,Yes,12.12.2023,8,eed076246b60bc6bc91cbf3830cb6dd4
132,Yes,12.12.2023,8,b5ba3569779f8fe9c002bed17f16ad4b
131,Yes,12.12.2023,8,d0f99d835b2b5da95fde5e4cdd84e681
129,Yes,12.12.2023,8,6c66c6454bbed93bb3f853728569f7c5
80,Yes,12.12.2023,8,53b961be2012d060b74d233f1b6989e2
127,Yes,12.12.2023,8,74cf46aacf8eb059e46a061995c249c0
128,Yes,12.12.2023,8,b9e887e8f7035380f3fd3fc885b7fbbd
24,Yes,12.12.2023,8,41903bb11f22ea1ec555da4f43ddf0fd
127,Yes,12.12.2023,8,36562a7f476a9bd1577a82ddd6d3d8aa
2,Yes,12.12.2023,8,51ad280f9856c6a165476a7d2ea849e3
127,Yes,12.12.2023,8,6aefa2a8994450e4acfa222b2043d309
103,Yes,12.12.2023,8,bb472d996ed67c08264ffe65e47f1a16
126,Yes,12.12.2023,8,00ca4671e09e5ecf98faecb9bbfbba35
1,Yes,12.12.2023,8,99b13c654238e52c5fcb07f0e98b7995
122,Yes,12.12.2023,8,d439e83aeac0d78e37b128ef0ee8cda7
126,Yes,12.12.2023,8,297c21840007b94da0bf65f2a8d6632f
126,Yes,12.12.2023,8,253e8d0a241fb49e4b7058eaa17f0bd6
8,Yes,12.12.2023,8,39e5ec14fc0e59e117241610f007b225
82,Yes,12.12.2023,8,d123af5dd193ea055577eb3bbb1c4dff
120,Yes,12.12.2023,8,7804c7c63475b68cb15c86dc4383383d
125,Yes,12.12.2023,8,b5ade33ebd452f104a13cdc85f1da2cd
125,Yes,12.12.2023,8,83396c31f027f73afd39ea4a97e612bf
121,Yes,12.12.2023,8,47baa31e8261188722c4cbd817b91e41
43,Yes,12.12.2023,8,9d0f4c5a7802b0aa5e67c0c12e30ccde
6,Yes,12.12.2023,8,3d3a5da46b189ede2f2eca40d9ff82c2
121,Yes,12.12.2023,8,de588f921dc4657bdc81e111cf470d41
20,Yes,12.12.2023,8,5d71541643b20ea0402c38447329aff9
122,Yes,12.12.2023,8,c4b618e19822b0e65cf2467badfd0acf
123,Yes,12.12.2023,8,d79ad30eff417f87bdff58aefcf4dcf4
116,Yes,12.12.2023,8,220d9368efdf7891eed20eb1eaf8bf2e
121,Yes,12.12.2023,8,6479e7ec7748039db34142725489acd0
76,Yes,12.12.2023,8,b8f6e60e49dbc3a7b6ce16a6a723e37c
121,Yes,12.12.2023,8,d47d45687a49e2d54ce5a0d0fad941aa
121,Yes,12.12.2023,8,7923675bb048eba4791247be71aa781e
118,Yes,12.12.2023,8,46cbb3253205c46166da5cb3853ebdd8
1,Yes,12.12.2023,8,eee6cebd0262e157371b496ab1be3ee4
35,Yes,12.12.2023,8,0b47e69e4ca8d075334c8d37e214b24e
119,Yes,12.12.2023,8,7fabe495f583b8fd97054faa03a5e889
119,Yes,12.12.2023,8,050a16cf51710c56a2f99f8fc9522f67
87,Yes,12.12.2023,8,dab55e08396a1d04198b0789cbba6e6b
113,Yes,12.12.2023,8,0dfc118bdceedbcf27087906c6a8031b
40,Yes,12.12.2023,8,20969ad28f5abd27462feb01e741e3ef
8,Yes,12.12.2023,8,a309fd57d7d8ee417bc86b6dfb33604b
24,Yes,12.12.2023,8,5b623cf82120ba8ea8735a060529fe19
106,Yes,12.12.2023,8,97c345d56f4617f76d82d6f6e2d58bac
97,Yes,12.12.2023,8,839d29a31c7275d3696b3e09e6dc8f02
70,Yes,12.12.2023,8,1ca2b7924de9d3883dd5f3bc8cd47b60
14,Yes,12.12.2023,8,0c73c79ec85d48d0be5a94fe41b17d16
85,Yes,12.12.2023,8,38a6f49fa144e11ecdfa2e91877563dd
80,Yes,12.12.2023,8,006c01d1724f1cd306f1ce5c88e35708
75,Yes,12.12.2023,8,ca255a17075d60da73a99e7a7be98497
49,Yes,12.12.2023,8,54061b14020bcd0be4cc8d598a8fc7df
6,Yes,12.12.2023,8,dfc523d9490bc948f33b1be6d6b74fbc
169,No,16.01.2024,9,def38455859ad75e499820e9747f215d
154,Yes,16.01.2024,9,dab55e08396a1d04198b0789cbba6e6b
154,Yes,16.01.2024,9,eed076246b60bc6bc91cbf3830cb6dd4
152,Yes,16.01.2024,9,08f0d1dd0e9041626929d866848faa8c
23,Yes,16.01.2024,9,36562a7f476a9bd1577a82ddd6d3d8aa
14,Yes,16.01.2024,9,00ea3329d63d9f9b298340d4c45281b0
107,Yes,16.01.2024,9,d0f99d835b2b5da95fde5e4cdd84e681
159,Yes,16.01.2024,9,6c66c6454bbed93bb3f853728569f7c5
6,Yes,16.01.2024,9,640a438643a7d717ec5bddc6c734c17c
105,Yes,16.01.2024,9,00ca4671e09e5ecf98faecb9bbfbba35
156,Yes,16.01.2024,9,ca255a17075d60da73a99e7a7be98497
156,Yes,16.01.2024,9,b9e887e8f7035380f3fd3fc885b7fbbd
1,Yes,16.01.2024,9,51ad280f9856c6a165476a7d2ea849e3
115,Yes,16.01.2024,9,fd42cd796596127999fa4c7829d884a9
155,Yes,16.01.2024,9,0573bf3b89a34ea041726c1efe329e73
155,Yes,16.01.2024,9,83396c31f027f73afd39ea4a97e612bf
1,Yes,16.01.2024,9,99b13c654238e52c5fcb07f0e98b7995
25,Yes,16.01.2024,9,24a35d39797accdd11667932b4f347d9
154,Yes,16.01.2024,9,46cbb3253205c46166da5cb3853ebdd8
154,Yes,16.01.2024,9,220d9368efdf7891eed20eb1eaf8bf2e
114,Yes,16.01.2024,9,39e5ec14fc0e59e117241610f007b225
153,Yes,16.01.2024,9,d439e83aeac0d78e37b128ef0ee8cda7
108,Yes,16.01.2024,9,038845742b9fbe8f4b8d47bfb4d6d0a5
19,Yes,16.01.2024,9,6286602956e05af5a75c8167f7d86407
153,Yes,16.01.2024,9,4381be344a91e46a3f3654515ee7b93d
27,Yes,16.01.2024,9,f6900a002e5f49a6f96b91c51c9c9554
141,Yes,16.01.2024,9,90c66711aed71940446aba1e38052bf9
152,Yes,16.01.2024,9,7fabe495f583b8fd97054faa03a5e889
22,No,16.01.2024,9,ba3b76e81df859d9f5d003cda3764bb0
148,Yes,16.01.2024,9,cc02ff795ad49839a6317c7643db9ed4
100,Yes,16.01.2024,9,002df0a773ee7009e9d92e3d28716df1
148,Yes,16.01.2024,9,ada57ca373d49c2e9b2d9f946b48459d
6,Yes,16.01.2024,9,41903bb11f22ea1ec555da4f43ddf0fd
145,Yes,16.01.2024,9,73fe85a58705434af0f04d0695edd2ed
143,Yes,16.01.2024,9,839d29a31c7275d3696b3e09e6dc8f02
112,Yes,16.01.2024,9,ff28d166f3ecb953c346567b0156aadd
87,No,16.01.2024,9,13dde46356dd0bff6c6ce8c89a92adba
141,Yes,16.01.2024,9,a813d3dc42a3c051596315f6ba743d69
123,Yes,16.01.2024,9,b5ade33ebd452f104a13cdc85f1da2cd
128,Yes,16.01.2024,9,7804c7c63475b68cb15c86dc4383383d
2,Yes,16.01.2024,9,831f5a44c1f3f4eef10c2ed1c462eee6
2,Yes,16.01.2024,9,11f5b28e6f6d7b3bdf0f35121a7db6a5
85,Yes,16.01.2024,9,e0d805e6d6998937891e9503b4973fb8
22,Yes,16.01.2024,9,54061b14020bcd0be4cc8d598a8fc7df
48,Yes,16.01.2024,9,eac97a0fbe480ca344104127bdae8776
31,Yes,16.01.2024,9,add7664d1982a1e7ce45695a3455faae
1,Yes,16.01.2024,9,eee6cebd0262e157371b496ab1be3ee4
15,Yes,16.01.2024,9,1c0322ce50bfc47c73d0fd02d99d790a
17,Yes,16.01.2024,9,8c749e1b0a9453c3859c9229dab7babc
7,Yes,16.01.2024,9,38a6f49fa144e11ecdfa2e91877563dd
88,No,23.01.2024,10,def38455859ad75e499820e9747f215d
84,Yes,23.01.2024,10,0c98e2577ce7287214ba7f13c23ae075
70,Yes,23.01.2024,10,723da97567a7ae1e1df1a009a9abafde
73,No,23.01.2024,10,ba3b76e81df859d9f5d003cda3764bb0
68,Yes,23.01.2024,10,a6e295122f35b3e5a4bf21f70a814caf
63,No,23.01.2024,10,13dde46356dd0bff6c6ce8c89a92adba
60,Yes,23.01.2024,10,61a34e24603c1de64d0e05b42174fd0c
66,Yes,23.01.2024,10,0573bf3b89a34ea041726c1efe329e73
65,Yes,23.01.2024,10,08ba750c28a1e80134f28567802e6892
65,No,23.01.2024,10,68ad54301392889b4d05cb42d9569d48
64,Yes,23.01.2024,10,c18a85b4a907ffb4eba8095b713e4642
64,Yes,23.01.2024,10,b9e887e8f7035380f3fd3fc885b7fbbd
61,Yes,23.01.2024,10,ddaa87d135fd41a8438b9cd2245a044d
60,Yes,23.01.2024,10,83396c31f027f73afd39ea4a97e612bf
21,Yes,23.01.2024,10,39e5ec14fc0e59e117241610f007b225
54,Yes,23.01.2024,10,38a6f49fa144e11ecdfa2e91877563dd
47,Yes,23.01.2024,10,197b27b0a2e8783b76ece2ee2acc58d4
58,Yes,23.01.2024,10,46cbb3253205c46166da5cb3853ebdd8
58,Yes,23.01.2024,10,ca255a17075d60da73a99e7a7be98497
53,Yes,23.01.2024,10,038845742b9fbe8f4b8d47bfb4d6d0a5
5,Yes,23.01.2024,10,8ad85fe1ba87673a4fc6fb6557a8aae7
32,Yes,23.01.2024,10,54061b14020bcd0be4cc8d598a8fc7df
51,Yes,23.01.2024,10,ff64cea2dc7ffe85b0e77db35aa61e35
51,Yes,23.01.2024,10,23d183c4f9f880acbf0c737b2f0e2037
54,Yes,23.01.2024,10,b5ba3569779f8fe9c002bed17f16ad4b
39,Yes,23.01.2024,10,6286602956e05af5a75c8167f7d86407
37,Yes,23.01.2024,10,73fe85a58705434af0f04d0695edd2ed
45,Yes,23.01.2024,10,4e07ed3f98f0c29a398a0ce4c9d5fae2
33,Yes,23.01.2024,10,d439e83aeac0d78e37b128ef0ee8cda7
42,Yes,23.01.2024,10,90c66711aed71940446aba1e38052bf9
31,Yes,23.01.2024,10,00ca4671e09e5ecf98faecb9bbfbba35
9,Yes,23.01.2024,10,839d29a31c7275d3696b3e09e6dc8f02
23,Yes,23.01.2024,10,fd42cd796596127999fa4c7829d884a9
2,Yes,23.01.2024,10,53403708eb35dbedfd3cd2fd1f099fe7
4,Yes,23.01.2024,10,1b2a9114e01d3db1f74520df73d27ae2
1,Yes,23.01.2024,10,15dcbab9b261ed77ecb1e9cadbadaa5f
3,Yes,23.01.2024,10,eed076246b60bc6bc91cbf3830cb6dd4
5,Yes,23.01.2024,10,36562a7f476a9bd1577a82ddd6d3d8aa
2,Yes,23.01.2024,10,831f5a44c1f3f4eef10c2ed1c462eee6